Number,Gender,NameSet,Title,GivenName,MiddleInitial,Surname,StreetAddress,City,State,StateFull,ZipCode,Country,CountryFull,EmailAddress,Username,Password,BrowserUserAgent,TelephoneNumber,TelephoneCountryCode,MothersMaiden,Birthday,Age,TropicalZodiac,CCType,CCNumber,CVV2,CCExpires,NationalID,UPS,WesternUnionMTCN,MoneyGramMTCN,Color,Occupation,Company,Vehicle,Domain,BloodType,Pounds,Kilograms,FeetInches,Centimeters,GUID,Latitude,Longitude
1,male,American,Mr.,Phillip,S,Shy,"489 Peck Court","El Toro",CA,California,92630,US,"United States",PhillipSShy@fleckens.hu,Hised1985,ahShooho4,"Mozilla/5.0 (Windows NT 10.0; Win64; x64) AppleWebKit/537.36 (KHTML, like Gecko) Chrome/74.0.3729.108 Safari/537.36",949-455-2413,1,Werner,12/18/1985,38,Sagittarius,MasterCard,5403290213003394,551,10/2028,558-08-2396,"1Z 694 145 23 7961 204 7",1752853508,39016344,Silver,"Oncology nurse","Foreman & Clark","2011 Holden Epica",jasonbowman.com,A+,166.5,75.7,"5' 6""",167,64e2879a-528e-4a31-97b8-ecc9f7bdd0c7,33.69978,-117.783946
2,male,American,Mr.,Charles,J,Doyon,"4799 Rockford Mountain Lane",Durham,NC,"North Carolina",27701,US,"United States",CharlesJDoyon@cuvox.de,Anceir1989,chieshof1Au,"Mozilla/5.0 (Macintosh; Intel Mac OS X 10_14_5) AppleWebKit/605.1.15 (KHTML, like Gecko) Version/12.1.1 Safari/605.1.15",919-956-4217,1,Coleman,12/18/1989,34,Sagittarius,MasterCard,5160585127100753,718,9/2028,690-09-5367,"1Z V22 029 83 7976 094 3",4614678105,59490252,Blue,Zoologist,"Manning's Cafeterias","1995 Toyota Venture",looidee.com,O+,173.1,78.7,"6' 2""",187,33d1bafc-776f-4a9b-983a-04137968180f,36.021361,-78.922076
3,female,American,Mrs.,Brenda,J,Campos,"1333 Seneca Drive",Portland,OR,Oregon,97232,US,"United States",BrendaJCampos@gustr.com,Mispond1944,vai2uyeiseeC,"Mozilla/5.0 (Windows NT 10.0; Win64; x64; rv:66.0) Gecko/20100101 Firefox/66.0",503-998-3593,1,Mahoney,9/22/1944,79,Virgo,MasterCard,5500155710288073,550,10/2025,541-18-4288,"1Z Y12 83W 13 2107 167 7",0741603331,30936917,Green,"Job placement officer","Eden Lawn Service","1998 Dodge Ram",themagicmic.com,B+,115.5,52.5,"5' 2""",157,9f6d7b30-561b-4d66-806f-d255ae60a2ae,45.53878,-122.72314
4,female,American,Ms.,Kelli,A,Guzman,"1935 Cooks Mine Road",Albuquerque,NM,"New Mexico",87102,US,"United States",KelliAGuzman@cuvox.de,Surriess1949,DoCoo7Bei,"Mozilla/5.0 (Macintosh; Intel Mac OS X 10_14_4) AppleWebKit/605.1.15 (KHTML, like Gecko) Version/12.1 Safari/605.1.15",505-724-1472,1,Campos,4/1/1949,75,Aries,MasterCard,5572572636998531,628,5/2026,648-36-7313,"1Z E45 V25 89 7192 285 9",6676922204,03047458,Purple,"Physical meteorologist","White Tower Hamburgers","2012 Renault Grand Scenic",efuturi.com,B+,111.5,50.7,"5' 7""",171,38fa29c3-522e-4063-83bb-73e90c31f8a6,35.009886,-106.692499
5,female,American,Ms.,Heather,S,Peake,"3791 Java Lane",Wagener,SC,"South Carolina",29164,US,"United States",HeatherSPeake@superrito.com,Sinse1990,Imahmai2poo,"Mozilla/5.0 (Macintosh; Intel Mac OS X 10_14_4) AppleWebKit/537.36 (KHTML, like Gecko) Chrome/74.0.3729.131 Safari/537.36",803-564-3629,1,Chase,12/29/1990,33,Capricorn,Visa,4556535107553849,546,12/2028,656-01-9246,"1Z E83 E68 15 6139 388 4",1413167820,77306895,Yellow,"Fire inspector","Burger Chef","2007 Holden UTE",caviurnnetworks.com,A+,148.5,67.5,"5' 3""",160,8a1abf6a-49f8-4da7-8076-b8ab051c1d2c,33.580987,-81.358898
6,female,American,Ms.,Valerie,R,Day,"1626 Capitol Avenue",Muncie,IN,Indiana,47303,US,"United States",ValerieRDay@fleckens.hu,Thererace,uowoaw7Zo,"Mozilla/5.0 (Windows NT 10.0; Win64; x64) AppleWebKit/537.36 (KHTML, like Gecko) Chrome/71.0.3578.98 Safari/537.36 OPR/58.0.3135.132",765-545-2298,1,Bove,3/20/1943,81,Pisces,MasterCard,5528466648412802,952,3/2029,317-14-3537,"1Z 153 063 71 0479 397 9",2238451450,84086268,Orange,"Pesticide sprayer","Gas Depot","2000 Buick LeSabre",hggv.com,B+,191.0,86.8,"5' 3""",159,6e933db1-4ba1-48ff-bf79-8aa74bc20184,40.286716,-85.448875
7,female,American,Mrs.,Lynn,D,Burbach,"4059 Collins Street",Johnstown,PA,Pennsylvania,15904,US,"United States",LynnDBurbach@jourrapide.com,Morel2002,equohM3ee,"Mozilla/5.0 (Windows NT 6.1; rv:60.0) Gecko/20100101 Firefox/60.0",814-243-9772,1,Almanza,11/5/2002,21,Scorpio,MasterCard,5279257663141256,558,8/2025,183-54-7986,"1Z 578 69A 54 9803 938 5",6616665112,82808053,Purple,Actor,"Johnson's General Stores","1994 Rover Range Rover",roulettehowtos.com,B+,139.0,63.2,"5' 1""",156,3b6b8b43-3117-4b85-8348-ed4624195063,40.327621,-78.866273
8,male,American,Dr.,Stacey,J,Field,"2679 Steele Street",Chicago,IL,Illinois,60607,US,"United States",StaceyJField@jourrapide.com,Whavere,Aesh8Aif,"Mozilla/5.0 (Macintosh; Intel Mac OS X 10_14_0) AppleWebKit/537.36 (KHTML, like Gecko) Chrome/73.0.3683.103 Safari/537.36",630-636-6647,1,Thompson,7/27/2002,21,Leo,MasterCard,5120532810683330,528,12/2026,332-18-3856,"1Z 304 852 98 1713 800 6",2620781015,00480364,Black,"Information systems manager","Levitz Furniture","2015 BMW 6 Series",pregorentacar.com,A+,159.7,72.6,"6' 1""",186,50854a9e-4bf3-4269-8944-4f45bf86af05,41.854252,-87.707551
9,male,American,Mr.,Eugene,L,Smith,"2705 Railroad Street",Jacksonville,FL,Florida,32256,US,"United States",EugeneLSmith@fleckens.hu,Sonce1958,Es9iney1,"Mozilla/5.0 (Macintosh; Intel Mac OS X 10_14_4) AppleWebKit/537.36 (KHTML, like Gecko) Chrome/74.0.3729.131 Safari/537.36",904-987-3946,1,Whitacre,9/20/1958,65,Virgo,MasterCard,5384731949221563,861,6/2025,265-17-0923,"1Z 5W5 8Y0 15 7134 456 3",6325240301,71209157,Blue,Bodyguard,"Sunburst Garden Management","2004 Toyota Celica",apocabox.com,A+,140.1,63.7,"6' 1""",186,79cc424e-da79-424c-9b98-3bc1ce8fe7bd,30.215002,-81.556639
10,female,American,Mrs.,Ann,D,Johnson,"2879 Euclid Avenue","City Of Commerce",CA,California,90040,US,"United States",AnnDJohnson@armyspy.com,Febt1998,Bithau5uh2,"Mozilla/5.0 (X11; Linux x86_64; rv:66.0) Gecko/20100101 Firefox/66.0",805-358-4561,1,Stevens,2/12/1998,26,Aquarius,Visa,4556245101930999,253,1/2029,617-64-4581,"1Z 7F6 A72 10 8389 583 0",7243644427,04212566,Red,"Employment coordinator","Office Warehouse","2010 SsangYong Actyon",makoandloren.com,O+,132.4,60.2,"5' 3""",159,304b67b7-2e82-4980-97a6-71ea35677e43,33.942445,-118.076707
11,male,American,Mr.,Stephen,S,Williams,"317 Birch  Street","El Paso",TX,Texas,79905,US,"United States",StephenSWilliams@cuvox.de,Adioncy,gooFao6zaeGh,"Mozilla/5.0 (Macintosh; Intel Mac OS X 10.14; rv:66.0) Gecko/20100101 Firefox/66.0",915-779-3361,1,Bailey,11/21/1998,25,Scorpio,MasterCard,5475322335625185,426,9/2026,641-64-0557,"1Z 379 947 10 0260 658 5",0959688923,66912553,Blue,"Cutting, punching, and press machine setter","Sammy's Record Shack","2000 Seat Cordoba",SocietyMagazines.com,O+,182.4,82.9,"6' 2""",188,47f04ffc-b0e1-48e2-b828-f492c6c4eae3,31.686454,-106.356666
12,male,American,Mr.,Gary,A,Hurley,"2603 Veltri Drive",Valdez,AK,Alaska,99686,US,"United States",GaryAHurley@teleworm.us,Boading,Eej4thik7P,"Mozilla/5.0 (Windows NT 10.0; Win64; x64) AppleWebKit/537.36 (KHTML, like Gecko) Chrome/74.0.3729.169 Safari/537.36",907-255-6172,1,Fix,4/3/1963,61,Aries,MasterCard,5285629641250692,934,3/2029,574-46-5056,"1Z 999 54W 21 6651 191 9",1061049243,91138717,Red,Orderlie,"Big A Auto Parts","2005 Porsche 996",wifemate.com,O+,208.1,94.6,"5' 5""",166,2fac52d6-ede1-4fa6-9f9f-a8df81a515fc,61.365696,-145.60226
13,female,American,Ms.,Ashley,E,Gregory,"330 Pearlman Avenue",Boston,MA,Massachusetts,02110,US,"United States",AshleyEGregory@cuvox.de,Andise,Ame2queitah,"Mozilla/5.0 (Windows NT 10.0; Win64; x64; rv:66.0) Gecko/20100101 Firefox/66.0",978-268-5880,1,Crawford,4/14/1942,82,Aries,MasterCard,5522555480028449,421,7/2028,010-05-3565,"1Z 3W9 492 90 6637 290 5",8223343228,44816271,Green,"HVACR technician","Hughes Markets","2007 Suzuki XL7",whiteshoeinc.com,B+,164.6,74.8,"5' 4""",162,1ab0d1d0-6985-4c8d-80fc-236063f48cd7,42.311549,-71.066554
14,female,American,Ms.,Irene,C,Bradley,"1760 Braxton Street",Mendota,IL,Illinois,61342,US,"United States",IreneCBradley@jourrapide.com,Replivinge,biey2NeeN2,"Mozilla/5.0 (Macintosh; Intel Mac OS X 10_14_4) AppleWebKit/537.36 (KHTML, like Gecko) Chrome/74.0.3729.108 Safari/537.36",815-539-8983,1,Wilson,1/1/1995,29,Capricorn,MasterCard,5450012463984657,227,6/2028,320-06-6033,"1Z 424 W34 21 7505 028 5",0168310356,47802281,Blue,"Signal and track switch repairer","Nickerson Farms","2004 Opel Trixx",advancedbird.com,A+,166.3,75.6,"5' 3""",161,067aeffe-3691-4371-8b84-dc9ec926619f,41.478637,-89.110935
15,male,American,Mr.,Lester,B,Bissonnette,"4622 Harrison Street","San Francisco",CA,California,94103,US,"United States",LesterBBissonnette@cuvox.de,Loor1940,Yoowaet8lu,"Mozilla/5.0 (Windows NT 10.0; Win64; x64) AppleWebKit/537.36 (KHTML, like Gecko) Chrome/64.0.3282.140 Safari/537.36 Edge/17.17134",415-551-7720,1,Ellis,8/28/1940,83,Virgo,MasterCard,5591844678588018,696,1/2026,547-98-8444,"1Z E09 6F6 89 6927 317 5",5064329812,41870532,White,"Snowmobile mechanic","Buck Alley Lumber","2005 Renault Modus",elationyoga.com,B+,207.2,94.2,"5' 8""",173,52b562d4-7b2d-485b-b039-f3e40fc89547,37.727313,-122.440865
16,male,American,Mr.,Robert,K,Haney,"3077 Murry Street",Chesapeake,VA,Virginia,23322,US,"United States",RobertKHaney@rhyta.com,Thake1997,eGiequ9W,"Mozilla/5.0 (Windows NT 6.2; WOW64) AppleWebKit/537.36 (KHTML, like Gecko) Chrome/68.0.3440.106 Safari/537.36",757-432-8904,1,Smith,9/17/1997,26,Virgo,Visa,4929129745157914,896,8/2029,231-56-3795,"1Z 883 1V4 52 2934 897 0",3130484430,90403385,Blue,"Administrative professional","Realty Depot","2005 Skoda Octavia",pikalainapaikat.com,A+,180.8,82.2,"5' 7""",169,ad75ecd9-ce63-4d3e-b008-4b940e751f39,36.586344,-76.354224
17,female,American,Ms.,Dorothy,E,Arrowood,"4848 Station Street","San Francisco",CA,California,94103,US,"United States",DorothyEArrowood@teleworm.us,Torlut,kae3eiciPii,"Mozilla/5.0 (X11; Linux x86_64) AppleWebKit/537.36 (KHTML, like Gecko) Chrome/74.0.3729.157 Safari/537.36",510-903-7442,1,Ramos,9/21/1994,29,Virgo,MasterCard,5364021006166024,017,12/2026,617-36-1580,"1Z 71E 95V 43 9307 543 3",6327915014,01439117,Blue,Manufacturers,"Realty Solution","2002 Lancia Thesis",taothought.com,O+,155.3,70.6,"5' 8""",172,6a85ad65-aa7b-4102-94b9-40f312078268,37.802404,-122.376266
18,female,American,Mrs.,Norma,G,Garza,"298 Main Street",Seattle,WA,Washington,98109,US,"United States",NormaGGarza@gustr.com,Strust,Hie1iech8,"Mozilla/5.0 (X11; Linux x86_64) AppleWebKit/537.36 (KHTML, like Gecko) Chrome/51.0.2704.106 Safari/537.36",425-691-2012,1,Parker,6/17/1964,60,Gemini,Visa,4532722254513599,767,10/2027,539-15-6753,"1Z 527 388 44 2446 068 1",8338618486,42940822,Green,"Publicity agent","Matrix Interior Design","2000 Mitsubishi Verada",LargeSalad.com,O+,147.4,67.0,"5' 3""",159,7564a3bf-266d-42b2-81d7-36193a9ae5bb,47.571287,-122.343457
19,female,American,Mrs.,Amy,C,Hernandez,"217 Payne Street",Tomball,TX,Texas,77337,US,"United States",AmyCHernandez@dayrep.com,Acend2005,rieth9as2Uo,"Mozilla/5.0 (Windows NT 6.2; WOW64) AppleWebKit/537.36 (KHTML, like Gecko) Chrome/68.0.3440.106 Safari/537.36",281-251-0866,1,Hagy,3/15/2005,19,Pisces,Visa,4485430135888456,486,10/2028,628-24-7261,"1Z 64W 339 19 3270 505 9",1672802561,16216263,Orange,"Building cleaning worker","Planet Pizza","1998 Ford Libre",nxixf.com,A+,146.1,66.4,"5' 5""",165,6620ceaf-891d-4150-b721-02e6acfaf4ef,30.141618,-95.567414
20,male,American,Mr.,Anthony,S,Weatherly,"3381 Cabell Avenue",Alexandria,VA,Virginia,22370,US,"United States",AnthonySWeatherly@fleckens.hu,Hadvaid,JuJ7chaiw,"Mozilla/5.0 (Windows NT 10.0; Win64; x64) AppleWebKit/537.36 (KHTML, like Gecko) Chrome/73.0.3683.103 Safari/537.36",703-619-8474,1,Dunlap,7/21/1975,48,Cancer,Visa,4539283405765532,456,4/2026,695-01-1279,"1Z 131 354 25 2993 868 4",6576607114,35798095,White,"Information designer","Infinite Wealth Planners","1998 Morgan Plus 4",sencure.com,O+,169.4,77.0,"5' 10""",179,71644a87-be1f-436a-becf-1503749d9356,38.7976,-77.105238
21,male,American,Mr.,Donald,J,Tabron,"4620 Carolyns Circle",Plano,TX,Texas,75074,US,"United States",DonaldJTabron@fleckens.hu,Pandeo,ur4shieMoZee,"Mozilla/5.0 (Macintosh; Intel Mac OS X 10.14; rv:66.0) Gecko/20100101 Firefox/66.0",214-737-2491,1,Gamache,3/1/1983,41,Pisces,MasterCard,5389386289760723,455,6/2029,634-02-2475,"1Z 196 7A5 36 4565 625 8",8952216968,89148373,Blue,"Flight attendant","Pergament Home Centers","1997 Tatra T700",akkukaira.com,O+,244.0,110.9,"6' 0""",182,6a980141-8b22-4c3a-8071-e4db702d11d8,32.959799,-96.653605
22,male,American,Dr.,Carl,P,Ojeda,"2209 Catherine Drive","Grand Forks",ND,"North Dakota",58203,US,"United States",CarlPOjeda@jourrapide.com,Contery,de0ieti2Phah,"Mozilla/5.0 (Windows NT 10.0; Win64; x64) AppleWebKit/537.36 (KHTML, like Gecko) Chrome/73.0.3683.86 Safari/537.36",701-314-4339,1,Randell,5/1/1980,44,Taurus,Visa,4929858349843962,303,12/2026,502-01-9877,"1Z 552 183 57 7473 710 5",9134055965,11090457,Orange,Concierge,"Jacob Reed and Sons","1993 Beijing BJ 212",tuopiniongana.com,O+,194.3,88.3,"5' 7""",171,4478f3af-8311-44eb-8815-a892f39bcb5a,47.916965,-97.143443
23,male,American,Mr.,James,C,Davidson,"1119 Timbercrest Road",Anchorage,AK,Alaska,99503,US,"United States",JamesCDavidson@rhyta.com,Thath1950,eiK9eiv0oxei,"Mozilla/5.0 (Windows NT 10.0; Win64; x64) AppleWebKit/537.36 (KHTML, like Gecko) Chrome/64.0.3282.140 Safari/537.36 Edge/17.17134",907-632-7491,1,Jones,9/5/1950,73,Virgo,Visa,4929580450871083,657,8/2026,574-76-5328,"1Z 520 775 55 4592 399 8",3222280151,14184910,Green,"Community association manager",Opti-Tek,"2003 Ford Falcon",bowpin.com,B+,160.4,72.9,"5' 8""",173,858f5a8d-97ae-43c2-858a-72285cfbdc69,61.275631,-149.842317
24,male,American,Mr.,James,A,Parsley,"3463 Illinois Avenue",Portland,OR,Oregon,97204,US,"United States",JamesAParsley@teleworm.us,Ninot1978,LooJahk7,"Mozilla/5.0 (Windows NT 6.1; Win64; x64) AppleWebKit/537.36 (KHTML, like Gecko) Chrome/74.0.3729.169 Safari/537.36",503-734-3450,1,Gobeil,11/27/1978,45,Sagittarius,Visa,4916885068531606,639,10/2029,541-65-4014,"1Z 26V 861 74 0537 765 8",9086658003,24551734,Blue,"Aircraft structure assembler","Discount Furniture Showcase","1996 De Tomaso Guara",MinuteRule.com,O+,246.2,111.9,"6' 1""",185,cb38f0ad-7b68-4e7e-adda-56a0fff99315,45.579485,-122.73223
25,male,American,Mr.,Patrick,R,Munoz,"4139 Sun Valley Road",Sunnyside,WA,Washington,98944,US,"United States",PatrickRMunoz@superrito.com,Forend,oob8aeFilu2,"Mozilla/5.0 (Windows NT 6.2; WOW64) AppleWebKit/537.36 (KHTML, like Gecko) Chrome/68.0.3440.106 Safari/537.36",509-831-2678,1,East,12/23/1992,31,Capricorn,Visa,4716878545499424,576,2/2029,531-24-9756,"1Z 9A2 8E4 27 7799 263 7",6288034686,41784071,Blue,Longshoremen,"Monk Home Loans","2005 Lotus Elise",wowosninja.com,A+,153.3,69.7,"5' 7""",169,5c5987f7-8247-4e91-9c6f-0060e1b4d108,46.493639,-119.934141
26,male,American,Mr.,Richard,K,Tanner,"3903 Hilltop Haven Drive",Lyndhurst,NJ,"New Jersey",07071,US,"United States",RichardKTanner@rhyta.com,Thistrus81,maiGi8Ahw4S,"Mozilla/5.0 (Windows NT 10.0; Win64; x64; rv:66.0) Gecko/20100101 Firefox/66.0",973-880-6079,1,Lemelle,12/20/1981,42,Sagittarius,MasterCard,5283221359143053,450,11/2026,153-34-7307,"1Z 414 679 44 6351 310 2",7587625572,25948884,Blue,Applicator,Komerci,"2012 Bentley Continental Flying Spur",shopfashionbred.com,A+,209.0,95.0,"6' 0""",183,3c0e27a7-d6cc-4bfc-88b6-42c797c51555,40.831396,-74.190118
27,female,American,Mrs.,Tamara,B,Clayton,"4182 Marie Street",Baltimore,MD,Maryland,21202,US,"United States",TamaraBClayton@dayrep.com,Butle2003,ji4aiZaeph,"Mozilla/5.0 (Windows NT 6.1; Win64; x64) AppleWebKit/537.36 (KHTML, like Gecko) Chrome/73.0.3683.103 Safari/537.36",410-904-9533,1,Lee,3/4/2003,21,Pisces,MasterCard,5388886640224526,521,10/2025,215-53-3935,"1Z 31Y 30Y 70 3096 949 0",5216049867,27817664,Orange,"Encoding clerk","Wells & Wade","2001 Hyundai Elantra",shansendrafting.com,A+,136.6,62.1,"5' 7""",169,382135dd-ccfb-46d1-8546-a8aad5a0dc67,39.3365,-76.605252
